Bus_Routes_Name,Bus_Routes_links,Bus_name,Bus_type,Departing_time,Duration,Reaching_time,Star_rating,Price,Seat_availability
Delhi to Chandigarh,https://www.redbus.in/bus-tickets/delhi-to-chandigarh,HRTC - 551,A/C Executive (2+3),15:30,05h 55m,21:25,3.9,INR 400,"40 Seats available
13 Window"
Delhi to Chandigarh,https://www.redbus.in/bus-tickets/delhi-to-chandigarh,HRTC - 551,A/C Executive (2+3),15:30,05h 55m,21:25,3.9,INR 400,"40 Seats available
13 Window"
Delhi to Chandigarh,https://www.redbus.in/bus-tickets/delhi-to-chandigarh,HRTC - 525,Ordinary 3+2 Non AC Seater,16:50,05h 50m,22:40,3.9,INR 290,"27 Seats available
8 Window"
Delhi to Chandigarh,https://www.redbus.in/bus-tickets/delhi-to-chandigarh,HRTC - 525,Ordinary 3+2 Non AC Seater,16:50,05h 50m,22:40,3.9,INR 290,"27 Seats available
8 Window"
Delhi to Chandigarh,https://www.redbus.in/bus-tickets/delhi-to-chandigarh,HRTC - 526,Ordinary 3+2 Non AC Seater,17:00,06h 00m,23:00,3.9,INR 275,"33 Seats available
10 Window"
Delhi to Chandigarh,https://www.redbus.in/bus-tickets/delhi-to-chandigarh,HRTC - 526,Ordinary 3+2 Non AC Seater,17:00,06h 00m,23:00,3.9,INR 275,"33 Seats available
10 Window"
Delhi to Chandigarh,https://www.redbus.in/bus-tickets/delhi-to-chandigarh,HRTC - 532,Ordinary 3+2 Non AC Seater,17:59,05h 41m,23:40,3.9,INR 290,"27 Seats available
8 Window"
Delhi to Chandigarh,https://www.redbus.in/bus-tickets/delhi-to-chandigarh,HRTC - 532,Ordinary 3+2 Non AC Seater,17:59,05h 41m,23:40,3.9,INR 290,"27 Seats available
8 Window"
Delhi to Chandigarh,https://www.redbus.in/bus-tickets/delhi-to-chandigarh,,,,,,,,
Delhi to Chandigarh,https://www.redbus.in/bus-tickets/delhi-to-chandigarh,,,,,,,,
Delhi to Chandigarh,https://www.redbus.in/bus-tickets/delhi-to-chandigarh,,,,,,,,
Delhi to Chandigarh,https://www.redbus.in/bus-tickets/delhi-to-chandigarh,,,,,,,,
Delhi to Chandigarh,https://www.redbus.in/bus-tickets/delhi-to-chandigarh,,,,,,,,
Delhi to Chandigarh,https://www.redbus.in/bus-tickets/delhi-to-chandigarh,,,,,,,,
Delhi to Chandigarh,https://www.redbus.in/bus-tickets/delhi-to-chandigarh,,,,,,,,
Delhi to Chandigarh,https://www.redbus.in/bus-tickets/delhi-to-chandigarh,,,,,,,,
Delhi to Chandigarh,https://www.redbus.in/bus-tickets/delhi-to-chandigarh,,,,,,,,
Delhi to Chandigarh,https://www.redbus.in/bus-tickets/delhi-to-chandigarh,,,,,,,,
Delhi to Chandigarh,https://www.redbus.in/bus-tickets/delhi-to-chandigarh,,,,,,,,
Delhi to Chandigarh,https://www.redbus.in/bus-tickets/delhi-to-chandigarh,,,,,,,,
Chandigarh to Delhi,https://www.redbus.in/bus-tickets/chandigarh-to-delhi,Chandigarh Transport Undertaking (CTU) - 165693,HVAC Seater (2+3),12:30,05h 35m,18:05,3.5,INR 414.3,"45 Seats available
15 Window"
Chandigarh to Delhi,https://www.redbus.in/bus-tickets/chandigarh-to-delhi,Chandigarh Transport Undertaking (CTU) - 165693,HVAC Seater (2+3),12:30,05h 35m,18:05,3.5,INR 414.3,"45 Seats available
15 Window"
Chandigarh to Delhi,https://www.redbus.in/bus-tickets/chandigarh-to-delhi,Chandigarh Transport Undertaking (CTU) - 165697,HVAC Seater (2+3),14:00,05h 35m,19:35,3.1,INR 414.3,"47 Seats available
16 Window"
Chandigarh to Delhi,https://www.redbus.in/bus-tickets/chandigarh-to-delhi,Chandigarh Transport Undertaking (CTU) - 165697,HVAC Seater (2+3),14:00,05h 35m,19:35,3.1,INR 414.3,"47 Seats available
16 Window"
Chandigarh to Delhi,https://www.redbus.in/bus-tickets/chandigarh-to-delhi,Chandigarh Transport Undertaking (CTU) - 165709,HVAC Seater (2+3),14:30,05h 35m,20:05,3.7,INR 414.3,"47 Seats available
16 Window"
Chandigarh to Delhi,https://www.redbus.in/bus-tickets/chandigarh-to-delhi,Chandigarh Transport Undertaking (CTU) - 165709,HVAC Seater (2+3),14:30,05h 35m,20:05,3.7,INR 414.3,"47 Seats available
16 Window"
Chandigarh to Delhi,https://www.redbus.in/bus-tickets/chandigarh-to-delhi,Chandigarh Transport Undertaking (CTU) - 165720,HVAC Seater (2+3),15:30,05h 35m,21:05,3.9,INR 414.3,"47 Seats available
16 Window"
Chandigarh to Delhi,https://www.redbus.in/bus-tickets/chandigarh-to-delhi,Chandigarh Transport Undertaking (CTU) - 165720,HVAC Seater (2+3),15:30,05h 35m,21:05,3.9,INR 414.3,"47 Seats available
16 Window"
Chandigarh to Delhi,https://www.redbus.in/bus-tickets/chandigarh-to-delhi,Chandigarh Transport Undertaking (CTU) - 165722,HVAC Seater (2+3),16:30,05h 35m,22:05,2.9,INR 414.3,"44 Seats available
14 Window"
Chandigarh to Delhi,https://www.redbus.in/bus-tickets/chandigarh-to-delhi,Chandigarh Transport Undertaking (CTU) - 165722,HVAC Seater (2+3),16:30,05h 35m,22:05,2.9,INR 414.3,"44 Seats available
14 Window"
Chandigarh to Delhi,https://www.redbus.in/bus-tickets/chandigarh-to-delhi,,,,,,,,
Chandigarh to Delhi,https://www.redbus.in/bus-tickets/chandigarh-to-delhi,,,,,,,,
Chandigarh to Delhi,https://www.redbus.in/bus-tickets/chandigarh-to-delhi,,,,,,,,
Chandigarh to Delhi,https://www.redbus.in/bus-tickets/chandigarh-to-delhi,,,,,,,,
Chandigarh to Delhi,https://www.redbus.in/bus-tickets/chandigarh-to-delhi,,,,,,,,
Chandigarh to Delhi,https://www.redbus.in/bus-tickets/chandigarh-to-delhi,,,,,,,,
Chandigarh to Delhi,https://www.redbus.in/bus-tickets/chandigarh-to-delhi,,,,,,,,
Chandigarh to Delhi,https://www.redbus.in/bus-tickets/chandigarh-to-delhi,,,,,,,,
Chandigarh to Delhi,https://www.redbus.in/bus-tickets/chandigarh-to-delhi,,,,,,,,
Chandigarh to Delhi,https://www.redbus.in/bus-tickets/chandigarh-to-delhi,,,,,,,,
Yamuna Nagar to Chandigarh,https://www.redbus.in/bus-tickets/yamuna-nagar-to-chandigarh,Chandigarh Transport Undertaking (CTU) - 165750,HVAC Seater (2+3),12:20,02h 45m,15:05,4.0,INR 195.6,"44 Seats available
14 Window"
Yamuna Nagar to Chandigarh,https://www.redbus.in/bus-tickets/yamuna-nagar-to-chandigarh,Chandigarh Transport Undertaking (CTU) - 165750,HVAC Seater (2+3),12:20,02h 45m,15:05,4.0,INR 195.6,"44 Seats available
14 Window"
Yamuna Nagar to Chandigarh,https://www.redbus.in/bus-tickets/yamuna-nagar-to-chandigarh,Chandigarh Transport Undertaking (CTU) - 165752,HVAC Seater (2+3),14:20,02h 45m,17:05,4.0,INR 195.6,"45 Seats available
14 Window"
Yamuna Nagar to Chandigarh,https://www.redbus.in/bus-tickets/yamuna-nagar-to-chandigarh,Chandigarh Transport Undertaking (CTU) - 165752,HVAC Seater (2+3),14:20,02h 45m,17:05,4.0,INR 195.6,"45 Seats available
14 Window"
Yamuna Nagar to Chandigarh,https://www.redbus.in/bus-tickets/yamuna-nagar-to-chandigarh,SHRI KRISHNA TRAVELS (JAI SHREE GANESH YATRA CO.),VE A/C Seater / Sleeper (2+1),19:10,02h 50m,22:00,3.7,INR 599,"9 Seats available
1 Single"
Yamuna Nagar to Chandigarh,https://www.redbus.in/bus-tickets/yamuna-nagar-to-chandigarh,SHRI KRISHNA TRAVELS (JAI SHREE GANESH YATRA CO.),VE A/C Seater / Sleeper (2+1),19:10,02h 50m,22:00,3.7,INR 599,"9 Seats available
1 Single"
Yamuna Nagar to Chandigarh,https://www.redbus.in/bus-tickets/yamuna-nagar-to-chandigarh,City Land Travels,Volvo A/C Semi Sleeper (2+2),22:15,03h 00m,01:15,3.5,1637,"19 Seats available
8 Window"
Yamuna Nagar to Chandigarh,https://www.redbus.in/bus-tickets/yamuna-nagar-to-chandigarh,City Land Travels,Volvo A/C Semi Sleeper (2+2),22:15,03h 00m,01:15,3.5,1637,"19 Seats available
8 Window"
Yamuna Nagar to Chandigarh,https://www.redbus.in/bus-tickets/yamuna-nagar-to-chandigarh,City Land Travels,,21:20,02h 00m,23:20,3.5,,19 Seats available
Yamuna Nagar to Chandigarh,https://www.redbus.in/bus-tickets/yamuna-nagar-to-chandigarh,City Land Travels,,21:20,02h 00m,23:20,3.5,,19 Seats available
Yamuna Nagar to Chandigarh,https://www.redbus.in/bus-tickets/yamuna-nagar-to-chandigarh,,,,,,,,
Yamuna Nagar to Chandigarh,https://www.redbus.in/bus-tickets/yamuna-nagar-to-chandigarh,,,,,,,,
Yamuna Nagar to Chandigarh,https://www.redbus.in/bus-tickets/yamuna-nagar-to-chandigarh,,,,,,,,
Yamuna Nagar to Chandigarh,https://www.redbus.in/bus-tickets/yamuna-nagar-to-chandigarh,,,,,,,,
Ludhiana to Chandigarh,https://www.redbus.in/bus-tickets/ludhiana-to-chandigarh,Chandigarh Transport Undertaking (CTU) - 165804,HVAC Seater (2+3),12:40,02h 45m,15:25,4.3,INR 181.4,"46 Seats available
15 Window"
Ludhiana to Chandigarh,https://www.redbus.in/bus-tickets/ludhiana-to-chandigarh,Chandigarh Transport Undertaking (CTU) - 165804,HVAC Seater (2+3),12:40,02h 45m,15:25,4.3,INR 181.4,"46 Seats available
15 Window"
Ludhiana to Chandigarh,https://www.redbus.in/bus-tickets/ludhiana-to-chandigarh,Chandigarh Transport Undertaking (CTU) - 165806,HVAC Seater (2+3),16:35,02h 45m,19:20,4.2,INR 181.4,"47 Seats available
16 Window"
Ludhiana to Chandigarh,https://www.redbus.in/bus-tickets/ludhiana-to-chandigarh,Chandigarh Transport Undertaking (CTU) - 165806,HVAC Seater (2+3),16:35,02h 45m,19:20,4.2,INR 181.4,"47 Seats available
16 Window"
Ludhiana to Chandigarh,https://www.redbus.in/bus-tickets/ludhiana-to-chandigarh,Jujhar Travels,Mercedes Benz A/C (2+2),13:10,02h 05m,15:15,4.5,INR 300,"48 Seats available
23 Window"
Ludhiana to Chandigarh,https://www.redbus.in/bus-tickets/ludhiana-to-chandigarh,Jujhar Travels,Mercedes Benz A/C (2+2),13:10,02h 05m,15:15,4.5,INR 300,"48 Seats available
23 Window"
Ludhiana to Chandigarh,https://www.redbus.in/bus-tickets/ludhiana-to-chandigarh,Jujhar Travels,Volvo A/C Semi Sleeper (2+2),14:00,02h 00m,16:00,4.8,INR 300,"39 Seats available
18 Window"
Ludhiana to Chandigarh,https://www.redbus.in/bus-tickets/ludhiana-to-chandigarh,Jujhar Travels,Volvo A/C Semi Sleeper (2+2),14:00,02h 00m,16:00,4.8,INR 300,"39 Seats available
18 Window"
Ludhiana to Chandigarh,https://www.redbus.in/bus-tickets/ludhiana-to-chandigarh,Jujhar Travels,,14:25,01h 45m,16:10,3.1,INR 320,40 Seats available
Ludhiana to Chandigarh,https://www.redbus.in/bus-tickets/ludhiana-to-chandigarh,Jujhar Travels,,14:25,01h 45m,16:10,3.1,INR 320,40 Seats available
Ludhiana to Chandigarh,https://www.redbus.in/bus-tickets/ludhiana-to-chandigarh,,,,,,,,
Ludhiana to Chandigarh,https://www.redbus.in/bus-tickets/ludhiana-to-chandigarh,,,,,,,,
Ludhiana to Chandigarh,https://www.redbus.in/bus-tickets/ludhiana-to-chandigarh,,,,,,,,
Ludhiana to Chandigarh,https://www.redbus.in/bus-tickets/ludhiana-to-chandigarh,,,,,,,,
Ludhiana to Chandigarh,https://www.redbus.in/bus-tickets/ludhiana-to-chandigarh,,,,,,,,
Ludhiana to Chandigarh,https://www.redbus.in/bus-tickets/ludhiana-to-chandigarh,,,,,,,,
Ludhiana to Chandigarh,https://www.redbus.in/bus-tickets/ludhiana-to-chandigarh,,,,,,,,
Ludhiana to Chandigarh,https://www.redbus.in/bus-tickets/ludhiana-to-chandigarh,,,,,,,,
Ludhiana to Chandigarh,https://www.redbus.in/bus-tickets/ludhiana-to-chandigarh,,,,,,,,
Ludhiana to Chandigarh,https://www.redbus.in/bus-tickets/ludhiana-to-chandigarh,,,,,,,,
Ludhiana to Chandigarh,https://www.redbus.in/bus-tickets/ludhiana-to-chandigarh,,,,,,,,
Ludhiana to Chandigarh,https://www.redbus.in/bus-tickets/ludhiana-to-chandigarh,,,,,,,,
Ludhiana to Chandigarh,https://www.redbus.in/bus-tickets/ludhiana-to-chandigarh,,,,,,,,
Ludhiana to Chandigarh,https://www.redbus.in/bus-tickets/ludhiana-to-chandigarh,,,,,,,,
Chandigarh to Yamuna Nagar,https://www.redbus.in/bus-tickets/chandigarh-to-yamuna-nagar,Chandigarh Transport Undertaking (CTU) - 165753,HVAC Seater (2+3),15:40,02h 45m,18:25,3.7,INR 195.6,"39 Seats available
8 Window"
Chandigarh to Yamuna Nagar,https://www.redbus.in/bus-tickets/chandigarh-to-yamuna-nagar,Chandigarh Transport Undertaking (CTU) - 165753,HVAC Seater (2+3),15:40,02h 45m,18:25,3.7,INR 195.6,"39 Seats available
8 Window"
Chandigarh to Yamuna Nagar,https://www.redbus.in/bus-tickets/chandigarh-to-yamuna-nagar,Shree Mahaveer Travels Jaipur,Bharat Benz A/C Seater /Sleeper (2+1),22:00,02h 35m,00:35,3.7,INR 699,"8 Seats available
3 Window"
Chandigarh to Yamuna Nagar,https://www.redbus.in/bus-tickets/chandigarh-to-yamuna-nagar,Shree Mahaveer Travels Jaipur,Bharat Benz A/C Seater /Sleeper (2+1),22:00,02h 35m,00:35,3.7,INR 699,"8 Seats available
3 Window"
Chandigarh to Yamuna Nagar,https://www.redbus.in/bus-tickets/chandigarh-to-yamuna-nagar,SHRI KRISHNA TRAVELS (JAI SHREE GANESH YATRA CO.),VE A/C Seater / Sleeper (2+1),23:55,02h 05m,02:00,3.7,INR 1399,"34 Seats available
9 Single"
Chandigarh to Yamuna Nagar,https://www.redbus.in/bus-tickets/chandigarh-to-yamuna-nagar,SHRI KRISHNA TRAVELS (JAI SHREE GANESH YATRA CO.),VE A/C Seater / Sleeper (2+1),23:55,02h 05m,02:00,3.7,INR 1399,"34 Seats available
9 Single"
Chandigarh to Yamuna Nagar,https://www.redbus.in/bus-tickets/chandigarh-to-yamuna-nagar,SHRI KRISHNA TRAVELS (JAI SHREE GANESH YATRA CO.),VE A/C Seater / Sleeper (2+1),23:30,02h 30m,02:00,3.7,INR 1199,"15 Seats available
4 Single"
Chandigarh to Yamuna Nagar,https://www.redbus.in/bus-tickets/chandigarh-to-yamuna-nagar,SHRI KRISHNA TRAVELS (JAI SHREE GANESH YATRA CO.),VE A/C Seater / Sleeper (2+1),23:30,02h 30m,02:00,3.7,INR 1199,"15 Seats available
4 Single"
Chandigarh to Yamuna Nagar,https://www.redbus.in/bus-tickets/chandigarh-to-yamuna-nagar,City Land Travels,Volvo A/C Semi Sleeper (2+2),23:55,02h 05m,02:00,3.5,648,"21 Seats available
9 Window"
Chandigarh to Yamuna Nagar,https://www.redbus.in/bus-tickets/chandigarh-to-yamuna-nagar,City Land Travels,Volvo A/C Semi Sleeper (2+2),23:55,02h 05m,02:00,3.5,648,"21 Seats available
9 Window"
Chandigarh to Hamirpur (Himachal Pradesh),https://www.redbus.in/bus-tickets/chandigarh-to-hamirpur-himachal-pradesh,HRTC - 1515,Ordinary 3+2 Non AC Seater,13:20,06h 55m,20:15,3.3,INR 373,"37 Seats available
12 Window"
Chandigarh to Hamirpur (Himachal Pradesh),https://www.redbus.in/bus-tickets/chandigarh-to-hamirpur-himachal-pradesh,HRTC - 1515,Ordinary 3+2 Non AC Seater,13:20,06h 55m,20:15,3.3,INR 373,"37 Seats available
12 Window"
Chandigarh to Hamirpur (Himachal Pradesh),https://www.redbus.in/bus-tickets/chandigarh-to-hamirpur-himachal-pradesh,HRTC - 1529,Ordinary 3+2 Non AC Seater,13:56,05h 09m,19:05,4.1,INR 364,"37 Seats available
12 Window"
Chandigarh to Hamirpur (Himachal Pradesh),https://www.redbus.in/bus-tickets/chandigarh-to-hamirpur-himachal-pradesh,HRTC - 1529,Ordinary 3+2 Non AC Seater,13:56,05h 09m,19:05,4.1,INR 364,"37 Seats available
12 Window"
Chandigarh to Hamirpur (Himachal Pradesh),https://www.redbus.in/bus-tickets/chandigarh-to-hamirpur-himachal-pradesh,HRTC - 1516,A/C Executive (2+3),15:00,03h 50m,18:50,4.2,INR 340,21 Seats available
Chandigarh to Hamirpur (Himachal Pradesh),https://www.redbus.in/bus-tickets/chandigarh-to-hamirpur-himachal-pradesh,HRTC - 1516,A/C Executive (2+3),15:00,03h 50m,18:50,4.2,INR 340,21 Seats available
Chandigarh to Hamirpur (Himachal Pradesh),https://www.redbus.in/bus-tickets/chandigarh-to-hamirpur-himachal-pradesh,HRTC - 1546,Ordinary 3+2 Non AC Seater,16:25,04h 50m,21:15,2.5,INR 334,"27 Seats available
8 Window"
Chandigarh to Hamirpur (Himachal Pradesh),https://www.redbus.in/bus-tickets/chandigarh-to-hamirpur-himachal-pradesh,HRTC - 1546,Ordinary 3+2 Non AC Seater,16:25,04h 50m,21:15,2.5,INR 334,"27 Seats available
8 Window"
Chandigarh to Hamirpur (Himachal Pradesh),https://www.redbus.in/bus-tickets/chandigarh-to-hamirpur-himachal-pradesh,HRTC - 9235,A/C Executive (2+3),16:40,05h 20m,22:00,4.7,INR 399,"44 Seats available
15 Window"
Chandigarh to Hamirpur (Himachal Pradesh),https://www.redbus.in/bus-tickets/chandigarh-to-hamirpur-himachal-pradesh,HRTC - 9235,A/C Executive (2+3),16:40,05h 20m,22:00,4.7,INR 399,"44 Seats available
15 Window"
Chandigarh to Baijnath,https://www.redbus.in/bus-tickets/chandigarh-to-baijnath,HRTC - 1514,Ordinary 3+2 Non AC Seater,16:00,08h 45m,00:45,3.3,INR 543,"37 Seats available
12 Window"
Chandigarh to Baijnath,https://www.redbus.in/bus-tickets/chandigarh-to-baijnath,HRTC - 1514,Ordinary 3+2 Non AC Seater,16:00,08h 45m,00:45,3.3,INR 543,"37 Seats available
12 Window"
Chandigarh to Baijnath,https://www.redbus.in/bus-tickets/chandigarh-to-baijnath,HRTC - 1505,Ordinary 3+2 Non AC Seater,20:16,07h 44m,04:00,3.7,INR 513,"37 Seats available
12 Window"
Chandigarh to Baijnath,https://www.redbus.in/bus-tickets/chandigarh-to-baijnath,HRTC - 1505,Ordinary 3+2 Non AC Seater,20:16,07h 44m,04:00,3.7,INR 513,"37 Seats available
12 Window"
Chandigarh to Baijnath,https://www.redbus.in/bus-tickets/chandigarh-to-baijnath,HRTC - 1150,Ordinary 3+2 Non AC Seater,20:30,08h 45m,05:15,3.9,INR 518,"34 Seats available
11 Window"
Chandigarh to Baijnath,https://www.redbus.in/bus-tickets/chandigarh-to-baijnath,HRTC - 1150,Ordinary 3+2 Non AC Seater,20:30,08h 45m,05:15,3.9,INR 518,"34 Seats available
11 Window"
Chandigarh to Baijnath,https://www.redbus.in/bus-tickets/chandigarh-to-baijnath,Chandigarh Transport Undertaking (CTU) - 165825,HVAC Seater (2+3),20:08,09h 00m,05:08,3.7,INR 611.4,"47 Seats available
16 Window"
Chandigarh to Baijnath,https://www.redbus.in/bus-tickets/chandigarh-to-baijnath,Chandigarh Transport Undertaking (CTU) - 165825,HVAC Seater (2+3),20:08,09h 00m,05:08,3.7,INR 611.4,"47 Seats available
16 Window"
Chandigarh to Baijnath,https://www.redbus.in/bus-tickets/chandigarh-to-baijnath,,,,,,,,
Chandigarh to Baijnath,https://www.redbus.in/bus-tickets/chandigarh-to-baijnath,,,,,,,,
Hamirpur (Himachal Pradesh) to Chandigarh,https://www.redbus.in/bus-tickets/hamirpur-himachal-pradesh-to-chandigarh,HRTC - 620,Ordinary 3+2 Non AC Seater,15:10,05h 30m,20:40,3.9,INR 364,"35 Seats available
10 Window"
Hamirpur (Himachal Pradesh) to Chandigarh,https://www.redbus.in/bus-tickets/hamirpur-himachal-pradesh-to-chandigarh,HRTC - 620,Ordinary 3+2 Non AC Seater,15:10,05h 30m,20:40,3.9,INR 364,"35 Seats available
10 Window"
Hamirpur (Himachal Pradesh) to Chandigarh,https://www.redbus.in/bus-tickets/hamirpur-himachal-pradesh-to-chandigarh,HRTC - 401270,Ordinary 3+2 Non AC Seater,17:05,04h 00m,21:05,3.9,INR 310,"36 Seats available
11 Window"
Hamirpur (Himachal Pradesh) to Chandigarh,https://www.redbus.in/bus-tickets/hamirpur-himachal-pradesh-to-chandigarh,HRTC - 401270,Ordinary 3+2 Non AC Seater,17:05,04h 00m,21:05,3.9,INR 310,"36 Seats available
11 Window"
Hamirpur (Himachal Pradesh) to Chandigarh,https://www.redbus.in/bus-tickets/hamirpur-himachal-pradesh-to-chandigarh,HRTC - 621,Ordinary 3+2 Non AC Seater,17:10,04h 50m,22:00,3.9,INR 364,"28 Seats available
9 Window"
Hamirpur (Himachal Pradesh) to Chandigarh,https://www.redbus.in/bus-tickets/hamirpur-himachal-pradesh-to-chandigarh,HRTC - 621,Ordinary 3+2 Non AC Seater,17:10,04h 50m,22:00,3.9,INR 364,"28 Seats available
9 Window"
Hamirpur (Himachal Pradesh) to Chandigarh,https://www.redbus.in/bus-tickets/hamirpur-himachal-pradesh-to-chandigarh,HRTC - 955,Ordinary 3+2 Non AC Seater,17:40,06h 15m,23:55,3.9,INR 334,"36 Seats available
11 Window"
Hamirpur (Himachal Pradesh) to Chandigarh,https://www.redbus.in/bus-tickets/hamirpur-himachal-pradesh-to-chandigarh,HRTC - 955,Ordinary 3+2 Non AC Seater,17:40,06h 15m,23:55,3.9,INR 334,"36 Seats available
11 Window"
Hamirpur (Himachal Pradesh) to Chandigarh,https://www.redbus.in/bus-tickets/hamirpur-himachal-pradesh-to-chandigarh,HRTC - 402617,Ordinary 3+2 Non AC Seater,20:30,04h 00m,00:30,3.9,INR 310,"30 Seats available
7 Window"
Hamirpur (Himachal Pradesh) to Chandigarh,https://www.redbus.in/bus-tickets/hamirpur-himachal-pradesh-to-chandigarh,HRTC - 402617,Ordinary 3+2 Non AC Seater,20:30,04h 00m,00:30,3.9,INR 310,"30 Seats available
7 Window"
Hamirpur (Himachal Pradesh) to Chandigarh,https://www.redbus.in/bus-tickets/hamirpur-himachal-pradesh-to-chandigarh,HRTC - 622,,21:15,05h 15m,02:30,2.0,INR 369,
Hamirpur (Himachal Pradesh) to Chandigarh,https://www.redbus.in/bus-tickets/hamirpur-himachal-pradesh-to-chandigarh,HRTC - 622,,21:15,05h 15m,02:30,2.0,INR 369,
Hamirpur (Himachal Pradesh) to Chandigarh,https://www.redbus.in/bus-tickets/hamirpur-himachal-pradesh-to-chandigarh,,,,,,,,
Hamirpur (Himachal Pradesh) to Chandigarh,https://www.redbus.in/bus-tickets/hamirpur-himachal-pradesh-to-chandigarh,,,,,,,,
Hamirpur (Himachal Pradesh) to Chandigarh,https://www.redbus.in/bus-tickets/hamirpur-himachal-pradesh-to-chandigarh,,,,,,,,
Hamirpur (Himachal Pradesh) to Chandigarh,https://www.redbus.in/bus-tickets/hamirpur-himachal-pradesh-to-chandigarh,,,,,,,,
Hamirpur (Himachal Pradesh) to Chandigarh,https://www.redbus.in/bus-tickets/hamirpur-himachal-pradesh-to-chandigarh,,,,,,,,
Hamirpur (Himachal Pradesh) to Chandigarh,https://www.redbus.in/bus-tickets/hamirpur-himachal-pradesh-to-chandigarh,,,,,,,,
Hamirpur (Himachal Pradesh) to Chandigarh,https://www.redbus.in/bus-tickets/hamirpur-himachal-pradesh-to-chandigarh,,,,,,,,
Hamirpur (Himachal Pradesh) to Chandigarh,https://www.redbus.in/bus-tickets/hamirpur-himachal-pradesh-to-chandigarh,,,,,,,,
Hamirpur (Himachal Pradesh) to Chandigarh,https://www.redbus.in/bus-tickets/hamirpur-himachal-pradesh-to-chandigarh,,,,,,,,
Hamirpur (Himachal Pradesh) to Chandigarh,https://www.redbus.in/bus-tickets/hamirpur-himachal-pradesh-to-chandigarh,,,,,,,,
Chandigarh to Ludhiana,https://www.redbus.in/bus-tickets/chandigarh-to-ludhiana,Chandigarh Transport Undertaking (CTU) - 165805,HVAC Seater (2+3),13:14,02h 45m,15:59,4.8,INR 181.4,"45 Seats available
15 Window"
Chandigarh to Ludhiana,https://www.redbus.in/bus-tickets/chandigarh-to-ludhiana,Chandigarh Transport Undertaking (CTU) - 165805,HVAC Seater (2+3),13:14,02h 45m,15:59,4.8,INR 181.4,"45 Seats available
15 Window"
Chandigarh to Ludhiana,https://www.redbus.in/bus-tickets/chandigarh-to-ludhiana,Chandigarh Transport Undertaking (CTU) - 165807,HVAC Seater (2+3),16:59,02h 45m,19:44,4.6,INR 181.4,"47 Seats available
16 Window"
Chandigarh to Ludhiana,https://www.redbus.in/bus-tickets/chandigarh-to-ludhiana,Chandigarh Transport Undertaking (CTU) - 165807,HVAC Seater (2+3),16:59,02h 45m,19:44,4.6,INR 181.4,"47 Seats available
16 Window"
Chandigarh to Ludhiana,https://www.redbus.in/bus-tickets/chandigarh-to-ludhiana,Jujhar Travels,Volvo A/C Semi Sleeper (2+2),12:15,02h 00m,14:15,4.5,INR 300,"34 Seats available
15 Window"
Chandigarh to Ludhiana,https://www.redbus.in/bus-tickets/chandigarh-to-ludhiana,Jujhar Travels,Volvo A/C Semi Sleeper (2+2),12:15,02h 00m,14:15,4.5,INR 300,"34 Seats available
15 Window"
Chandigarh to Ludhiana,https://www.redbus.in/bus-tickets/chandigarh-to-ludhiana,Orbit Aviation Pvt. Ltd.,Mercedes Multi-Axle Semi Sleeper (2+2),12:55,01h 55m,14:50,3.2,INR 286,"38 Seats available
16 Window"
Chandigarh to Ludhiana,https://www.redbus.in/bus-tickets/chandigarh-to-ludhiana,Orbit Aviation Pvt. Ltd.,Mercedes Multi-Axle Semi Sleeper (2+2),12:55,01h 55m,14:50,3.2,INR 286,"38 Seats available
16 Window"
Chandigarh to Ludhiana,https://www.redbus.in/bus-tickets/chandigarh-to-ludhiana,Jujhar Travels,Volvo A/C Semi Sleeper (2+2),14:13,02h 10m,16:23,4.4,INR 300,"40 Seats available
18 Window"
Chandigarh to Ludhiana,https://www.redbus.in/bus-tickets/chandigarh-to-ludhiana,Jujhar Travels,Volvo A/C Semi Sleeper (2+2),14:13,02h 10m,16:23,4.4,INR 300,"40 Seats available
18 Window"
Chandigarh to Ludhiana,https://www.redbus.in/bus-tickets/chandigarh-to-ludhiana,,,,,,,,
Chandigarh to Ludhiana,https://www.redbus.in/bus-tickets/chandigarh-to-ludhiana,,,,,,,,
Chandigarh to Ludhiana,https://www.redbus.in/bus-tickets/chandigarh-to-ludhiana,,,,,,,,
Chandigarh to Ludhiana,https://www.redbus.in/bus-tickets/chandigarh-to-ludhiana,,,,,,,,
Chandigarh to Dehradun,https://www.redbus.in/bus-tickets/chandigarh-to-dehradun,NueGo,A/C Seater (2+2),18:00,04h 55m,22:55,4.2,382,7 Seats available
Chandigarh to Dehradun,https://www.redbus.in/bus-tickets/chandigarh-to-dehradun,NueGo,A/C Seater (2+2),18:00,04h 55m,22:55,4.2,382,7 Seats available
Chandigarh to Dehradun,https://www.redbus.in/bus-tickets/chandigarh-to-dehradun,NueGo,A/C Seater (2+2),19:00,03h 55m,22:55,4.5,382,10 Seats available
Chandigarh to Dehradun,https://www.redbus.in/bus-tickets/chandigarh-to-dehradun,NueGo,A/C Seater (2+2),19:00,03h 55m,22:55,4.5,382,10 Seats available
Chandigarh to Dehradun,https://www.redbus.in/bus-tickets/chandigarh-to-dehradun,Zimindara Travels,AC Sleeper (2+1),23:00,06h 30m,05:30,3.5,INR 699,"16 Seats available
10 Window"
Chandigarh to Dehradun,https://www.redbus.in/bus-tickets/chandigarh-to-dehradun,Zimindara Travels,AC Sleeper (2+1),23:00,06h 30m,05:30,3.5,INR 699,"16 Seats available
10 Window"
Chandigarh to Dehradun,https://www.redbus.in/bus-tickets/chandigarh-to-dehradun,SHRI KRISHNA TRAVELS (JAI SHREE GANESH YATRA CO.),VE A/C Seater / Sleeper (2+1),23:30,05h 30m,05:00,3.7,INR 1099,"16 Seats available
3 Single"
Chandigarh to Dehradun,https://www.redbus.in/bus-tickets/chandigarh-to-dehradun,SHRI KRISHNA TRAVELS (JAI SHREE GANESH YATRA CO.),VE A/C Seater / Sleeper (2+1),23:30,05h 30m,05:00,3.7,INR 1099,"16 Seats available
3 Single"
Chandigarh to Dehradun,https://www.redbus.in/bus-tickets/chandigarh-to-dehradun,Laxmi holidays,VE A/C Semi Sleeper (2+2),23:55,05h 50m,05:45,4.4,INR 799,10 Seats available
Chandigarh to Dehradun,https://www.redbus.in/bus-tickets/chandigarh-to-dehradun,Laxmi holidays,VE A/C Semi Sleeper (2+2),23:55,05h 50m,05:45,4.4,INR 799,10 Seats available
Chandigarh to Sujanpur (himachal pradesh),https://www.redbus.in/bus-tickets/chandigarh-to-sujanpur,HRTC - 6748,Ordinary 3+2 Non AC Seater,14:05,06h 25m,20:30,3.9,INR 358,"36 Seats available
1 Single"
Chandigarh to Sujanpur (himachal pradesh),https://www.redbus.in/bus-tickets/chandigarh-to-sujanpur,HRTC - 6748,Ordinary 3+2 Non AC Seater,14:05,06h 25m,20:30,3.9,INR 358,"36 Seats available
1 Single"
Chandigarh to Sujanpur (himachal pradesh),https://www.redbus.in/bus-tickets/chandigarh-to-sujanpur,HRTC - 1548,Ordinary 3+2 Non AC Seater,14:20,06h 25m,20:45,3.9,INR 373,"37 Seats available
12 Window"
Chandigarh to Sujanpur (himachal pradesh),https://www.redbus.in/bus-tickets/chandigarh-to-sujanpur,HRTC - 1548,Ordinary 3+2 Non AC Seater,14:20,06h 25m,20:45,3.9,INR 373,"37 Seats available
12 Window"
Chandigarh to Sujanpur (himachal pradesh),https://www.redbus.in/bus-tickets/chandigarh-to-sujanpur,HRTC - 1528,Ordinary 3+2 Non AC Seater,18:40,05h 50m,00:30,3.9,INR 381,"37 Seats available
12 Window"
Chandigarh to Sujanpur (himachal pradesh),https://www.redbus.in/bus-tickets/chandigarh-to-sujanpur,HRTC - 1528,Ordinary 3+2 Non AC Seater,18:40,05h 50m,00:30,3.9,INR 381,"37 Seats available
12 Window"
Chandigarh to Vrindavan,https://www.redbus.in/bus-tickets/chandigarh-to-vrindavan,Chandigarh Transport Undertaking (CTU) - 165938,HVAC Seater (2+3),20:00,09h 45m,05:45,3.8,INR 634.7,"12 Seats available
2 Window"
Chandigarh to Vrindavan,https://www.redbus.in/bus-tickets/chandigarh-to-vrindavan,Chandigarh Transport Undertaking (CTU) - 165938,HVAC Seater (2+3),20:00,09h 45m,05:45,3.8,INR 634.7,"12 Seats available
2 Window"
Chandigarh to Vrindavan,https://www.redbus.in/bus-tickets/chandigarh-to-vrindavan,Vijay Tour and Travels,Bharat Benz A/C Seater /Sleeper (2+1),17:40,08h 10m,01:50,2.3,899,"36 Seats available
9 Single"
Chandigarh to Vrindavan,https://www.redbus.in/bus-tickets/chandigarh-to-vrindavan,Vijay Tour and Travels,Bharat Benz A/C Seater /Sleeper (2+1),17:40,08h 10m,01:50,2.3,899,"36 Seats available
9 Single"
Chandigarh to Vrindavan,https://www.redbus.in/bus-tickets/chandigarh-to-vrindavan,GK Travels,A/C Seater/Sleeper (2+1),16:00,08h 00m,00:00,3.7,1234,"22 Seats available
7 Single"
Chandigarh to Vrindavan,https://www.redbus.in/bus-tickets/chandigarh-to-vrindavan,GK Travels,A/C Seater/Sleeper (2+1),16:00,08h 00m,00:00,3.7,1234,"22 Seats available
7 Single"
Chandigarh to Vrindavan,https://www.redbus.in/bus-tickets/chandigarh-to-vrindavan,NAYAR TRAVELS (OPC) PVT LTD,A/C Sleeper (2+1),16:30,08h 00m,00:30,2.0,INR 1599,"26 Seats available
6 Single"
Chandigarh to Vrindavan,https://www.redbus.in/bus-tickets/chandigarh-to-vrindavan,NAYAR TRAVELS (OPC) PVT LTD,A/C Sleeper (2+1),16:30,08h 00m,00:30,2.0,INR 1599,"26 Seats available
6 Single"
Chandigarh to Pathankot,https://www.redbus.in/bus-tickets/chandigarh-to-pathankot,HRTC - 1517,Ordinary 3+2 Non AC Seater,15:35,07h 30m,23:05,3.7,INR 461,"37 Seats available
12 Window"
Chandigarh to Pathankot,https://www.redbus.in/bus-tickets/chandigarh-to-pathankot,HRTC - 1517,Ordinary 3+2 Non AC Seater,15:35,07h 30m,23:05,3.7,INR 461,"37 Seats available
12 Window"
Chandigarh to Pathankot,https://www.redbus.in/bus-tickets/chandigarh-to-pathankot,HRTC - 1525,A/C Executive (2+3),18:30,07h 00m,01:30,3.2,INR 482,"44 Seats available
15 Window"
Chandigarh to Pathankot,https://www.redbus.in/bus-tickets/chandigarh-to-pathankot,HRTC - 1525,A/C Executive (2+3),18:30,07h 00m,01:30,3.2,INR 482,"44 Seats available
15 Window"
Chandigarh to Pathankot,https://www.redbus.in/bus-tickets/chandigarh-to-pathankot,Orbit Aviation Pvt. Ltd.,Mercedes Multi-Axle Semi Sleeper (2+2),13:00,04h 35m,17:35,3.6,INR 788,"24 Seats available
10 Window"
Chandigarh to Pathankot,https://www.redbus.in/bus-tickets/chandigarh-to-pathankot,Orbit Aviation Pvt. Ltd.,Mercedes Multi-Axle Semi Sleeper (2+2),13:00,04h 35m,17:35,3.6,INR 788,"24 Seats available
10 Window"
Chandigarh to Pathankot,https://www.redbus.in/bus-tickets/chandigarh-to-pathankot,Orbit Aviation Pvt Ltd,Mercedes Multi-Axle Semi Sleeper (2+2),13:55,06h 05m,20:00,3.3,499,"30 Seats available
11 Window"
Chandigarh to Pathankot,https://www.redbus.in/bus-tickets/chandigarh-to-pathankot,Orbit Aviation Pvt Ltd,Mercedes Multi-Axle Semi Sleeper (2+2),13:55,06h 05m,20:00,3.3,499,"30 Seats available
11 Window"
Chandigarh to Pathankot,https://www.redbus.in/bus-tickets/chandigarh-to-pathankot,Orbit Aviation Pvt Ltd,Mercedes Multi-Axle Semi Sleeper (2+2),13:58,06h 02m,20:00,3.4,499,"31 Seats available
12 Window"
Chandigarh to Pathankot,https://www.redbus.in/bus-tickets/chandigarh-to-pathankot,Orbit Aviation Pvt Ltd,Mercedes Multi-Axle Semi Sleeper (2+2),13:58,06h 02m,20:00,3.4,499,"31 Seats available
12 Window"
Chandigarh to Pathankot,https://www.redbus.in/bus-tickets/chandigarh-to-pathankot,,,,,,,,
Chandigarh to Pathankot,https://www.redbus.in/bus-tickets/chandigarh-to-pathankot,,,,,,,,
Chandigarh to Pathankot,https://www.redbus.in/bus-tickets/chandigarh-to-pathankot,,,,,,,,
Chandigarh to Pathankot,https://www.redbus.in/bus-tickets/chandigarh-to-pathankot,,,,,,,,
Dehradun to Chandigarh,https://www.redbus.in/bus-tickets/dehradun-to-chandigarh,Chandigarh Transport Undertaking (CTU) - 165792,HVAC Seater (2+3),13:40,05h 35m,19:15,3.4,INR 397.5,"45 Seats available
14 Window"
Dehradun to Chandigarh,https://www.redbus.in/bus-tickets/dehradun-to-chandigarh,Chandigarh Transport Undertaking (CTU) - 165792,HVAC Seater (2+3),13:40,05h 35m,19:15,3.4,INR 397.5,"45 Seats available
14 Window"
Dehradun to Chandigarh,https://www.redbus.in/bus-tickets/dehradun-to-chandigarh,Chandigarh Transport Undertaking (CTU) - 165794,HVAC Seater (2+3),14:30,05h 40m,20:10,3.5,INR 397.5,"45 Seats available
15 Window"
Dehradun to Chandigarh,https://www.redbus.in/bus-tickets/dehradun-to-chandigarh,Chandigarh Transport Undertaking (CTU) - 165794,HVAC Seater (2+3),14:30,05h 40m,20:10,3.5,INR 397.5,"45 Seats available
15 Window"
Dehradun to Chandigarh,https://www.redbus.in/bus-tickets/dehradun-to-chandigarh,Chandigarh Transport Undertaking (CTU) - 165796,HVAC Seater (2+3),15:30,05h 40m,21:10,3.6,INR 397.5,"46 Seats available
15 Window"
Dehradun to Chandigarh,https://www.redbus.in/bus-tickets/dehradun-to-chandigarh,Chandigarh Transport Undertaking (CTU) - 165796,HVAC Seater (2+3),15:30,05h 40m,21:10,3.6,INR 397.5,"46 Seats available
15 Window"
Dehradun to Chandigarh,https://www.redbus.in/bus-tickets/dehradun-to-chandigarh,SHRI KRISHNA TRAVELS (JAI SHREE GANESH YATRA CO.),VE A/C Seater / Sleeper (2+1),15:30,06h 30m,22:00,3.2,INR 599,"8 Seats available
1 Single"
Dehradun to Chandigarh,https://www.redbus.in/bus-tickets/dehradun-to-chandigarh,SHRI KRISHNA TRAVELS (JAI SHREE GANESH YATRA CO.),VE A/C Seater / Sleeper (2+1),15:30,06h 30m,22:00,3.2,INR 599,"8 Seats available
1 Single"
Dehradun to Chandigarh,https://www.redbus.in/bus-tickets/dehradun-to-chandigarh,Laxmi holidays,Bharat Benz A/C Seater /Sleeper (2+1),16:00,06h 50m,22:50,4.6,INR 699,"14 Seats available
8 Single"
Dehradun to Chandigarh,https://www.redbus.in/bus-tickets/dehradun-to-chandigarh,Laxmi holidays,Bharat Benz A/C Seater /Sleeper (2+1),16:00,06h 50m,22:50,4.6,INR 699,"14 Seats available
8 Single"
Dehradun to Chandigarh,https://www.redbus.in/bus-tickets/dehradun-to-chandigarh,,,,,,,,
Dehradun to Chandigarh,https://www.redbus.in/bus-tickets/dehradun-to-chandigarh,,,,,,,,
Dehradun to Chandigarh,https://www.redbus.in/bus-tickets/dehradun-to-chandigarh,,,,,,,,
Dehradun to Chandigarh,https://www.redbus.in/bus-tickets/dehradun-to-chandigarh,,,,,,,,
Dehradun to Chandigarh,https://www.redbus.in/bus-tickets/dehradun-to-chandigarh,,,,,,,,
Dehradun to Chandigarh,https://www.redbus.in/bus-tickets/dehradun-to-chandigarh,,,,,,,,
Chandigarh to Dharamshala (Himachal Pradesh),https://www.redbus.in/bus-tickets/chandigarh-to-dharamshala,HRTC - 127,Himsuta AC Seater Volvo/Scania 2+2,15:40,06h 20m,22:00,4.6,INR 784,"19 Seats available
7 Window"
Chandigarh to Dharamshala (Himachal Pradesh),https://www.redbus.in/bus-tickets/chandigarh-to-dharamshala,HRTC - 127,Himsuta AC Seater Volvo/Scania 2+2,15:40,06h 20m,22:00,4.6,INR 784,"19 Seats available
7 Window"
Chandigarh to Dharamshala (Himachal Pradesh),https://www.redbus.in/bus-tickets/chandigarh-to-dharamshala,HRTC - 573,Himmani Deluxe 2+2 Non AC Seater,19:40,06h 20m,02:00,2.7,INR 503,"21 Seats available
4 Single"
Chandigarh to Dharamshala (Himachal Pradesh),https://www.redbus.in/bus-tickets/chandigarh-to-dharamshala,HRTC - 573,Himmani Deluxe 2+2 Non AC Seater,19:40,06h 20m,02:00,2.7,INR 503,"21 Seats available
4 Single"
Chandigarh to Dharamshala (Himachal Pradesh),https://www.redbus.in/bus-tickets/chandigarh-to-dharamshala,HRTC - 91,Himsuta AC Seater Volvo/Scania 2+2,22:10,06h 30m,04:40,4.0,INR 784,"18 Seats available
5 Window"
Chandigarh to Dharamshala (Himachal Pradesh),https://www.redbus.in/bus-tickets/chandigarh-to-dharamshala,HRTC - 91,Himsuta AC Seater Volvo/Scania 2+2,22:10,06h 30m,04:40,4.0,INR 784,"18 Seats available
5 Window"
Chandigarh to Dharamshala (Himachal Pradesh),https://www.redbus.in/bus-tickets/chandigarh-to-dharamshala,Laxmi holidays,VE A/C Semi Sleeper (2+2),23:50,05h 40m,05:30,4.5,INR 799,"20 Seats available
7 Window"
Chandigarh to Dharamshala (Himachal Pradesh),https://www.redbus.in/bus-tickets/chandigarh-to-dharamshala,Laxmi holidays,VE A/C Semi Sleeper (2+2),23:50,05h 40m,05:30,4.5,INR 799,"20 Seats available
7 Window"
Chandigarh to Dharamshala (Himachal Pradesh),https://www.redbus.in/bus-tickets/chandigarh-to-dharamshala,Laxmi holidays,,23:55,06h 05m,06:00,4.7,INR 1099,
Chandigarh to Dharamshala (Himachal Pradesh),https://www.redbus.in/bus-tickets/chandigarh-to-dharamshala,Laxmi holidays,,23:55,06h 05m,06:00,4.7,INR 1099,
Chandigarh to Dharamshala (Himachal Pradesh),https://www.redbus.in/bus-tickets/chandigarh-to-dharamshala,,,,,,,,
Chandigarh to Dharamshala (Himachal Pradesh),https://www.redbus.in/bus-tickets/chandigarh-to-dharamshala,,,,,,,,
Chandigarh to Dharamshala (Himachal Pradesh),https://www.redbus.in/bus-tickets/chandigarh-to-dharamshala,,,,,,,,
Chandigarh to Dharamshala (Himachal Pradesh),https://www.redbus.in/bus-tickets/chandigarh-to-dharamshala,,,,,,,,
Chandigarh to Dharamshala (Himachal Pradesh),https://www.redbus.in/bus-tickets/chandigarh-to-dharamshala,,,,,,,,
Chandigarh to Dharamshala (Himachal Pradesh),https://www.redbus.in/bus-tickets/chandigarh-to-dharamshala,,,,,,,,
Sujanpur (himachal pradesh) to Chandigarh,https://www.redbus.in/bus-tickets/sujanpur-to-chandigarh,HRTC - 955,Ordinary 3+2 Non AC Seater,16:20,07h 35m,23:55,3.9,INR 386,"37 Seats available
12 Window"
Sujanpur (himachal pradesh) to Chandigarh,https://www.redbus.in/bus-tickets/sujanpur-to-chandigarh,HRTC - 955,Ordinary 3+2 Non AC Seater,16:20,07h 35m,23:55,3.9,INR 386,"37 Seats available
12 Window"
Sujanpur (himachal pradesh) to Chandigarh,https://www.redbus.in/bus-tickets/sujanpur-to-chandigarh,HRTC - 952,Ordinary 3+2 Non AC Seater,17:34,06h 46m,00:20,3.9,INR 383,"37 Seats available
12 Window"
Sujanpur (himachal pradesh) to Chandigarh,https://www.redbus.in/bus-tickets/sujanpur-to-chandigarh,HRTC - 952,Ordinary 3+2 Non AC Seater,17:34,06h 46m,00:20,3.9,INR 383,"37 Seats available
12 Window"
Sujanpur (himachal pradesh) to Chandigarh,https://www.redbus.in/bus-tickets/sujanpur-to-chandigarh,HRTC - 953,Ordinary 3+2 Non AC Seater,18:20,05h 30m,23:50,3.9,INR 373,"37 Seats available
12 Window"
Sujanpur (himachal pradesh) to Chandigarh,https://www.redbus.in/bus-tickets/sujanpur-to-chandigarh,HRTC - 953,Ordinary 3+2 Non AC Seater,18:20,05h 30m,23:50,3.9,INR 373,"37 Seats available
12 Window"
Sujanpur (himachal pradesh) to Chandigarh,https://www.redbus.in/bus-tickets/sujanpur-to-chandigarh,HRTC - 1105,Ordinary 3+2 Non AC Seater,19:00,06h 10m,01:10,3.9,INR 383,"29 Seats available
8 Window"
Sujanpur (himachal pradesh) to Chandigarh,https://www.redbus.in/bus-tickets/sujanpur-to-chandigarh,HRTC - 1105,Ordinary 3+2 Non AC Seater,19:00,06h 10m,01:10,3.9,INR 383,"29 Seats available
8 Window"
Sujanpur (himachal pradesh) to Chandigarh,https://www.redbus.in/bus-tickets/sujanpur-to-chandigarh,,,,,,,,
Sujanpur (himachal pradesh) to Chandigarh,https://www.redbus.in/bus-tickets/sujanpur-to-chandigarh,,,,,,,,
Sujanpur (himachal pradesh) to Chandigarh,https://www.redbus.in/bus-tickets/sujanpur-to-chandigarh,,,,,,,,
Sujanpur (himachal pradesh) to Chandigarh,https://www.redbus.in/bus-tickets/sujanpur-to-chandigarh,,,,,,,,
Sujanpur (himachal pradesh) to Chandigarh,https://www.redbus.in/bus-tickets/sujanpur-to-chandigarh,,,,,,,,
Sujanpur (himachal pradesh) to Chandigarh,https://www.redbus.in/bus-tickets/sujanpur-to-chandigarh,,,,,,,,
Sujanpur (himachal pradesh) to Chandigarh,https://www.redbus.in/bus-tickets/sujanpur-to-chandigarh,,,,,,,,
Sujanpur (himachal pradesh) to Chandigarh,https://www.redbus.in/bus-tickets/sujanpur-to-chandigarh,,,,,,,,
Sujanpur (himachal pradesh) to Chandigarh,https://www.redbus.in/bus-tickets/sujanpur-to-chandigarh,,,,,,,,
Sujanpur (himachal pradesh) to Chandigarh,https://www.redbus.in/bus-tickets/sujanpur-to-chandigarh,,,,,,,,
Vrindavan to Chandigarh,https://www.redbus.in/bus-tickets/vrindavan-to-chandigarh,HRTC - 587,Ordinary 3+2 Non AC Seater,14:00,09h 05m,23:05,4.0,INR 455,"12 Seats available
2 Window"
Vrindavan to Chandigarh,https://www.redbus.in/bus-tickets/vrindavan-to-chandigarh,HRTC - 587,Ordinary 3+2 Non AC Seater,14:00,09h 05m,23:05,4.0,INR 455,"12 Seats available
2 Window"
Vrindavan to Chandigarh,https://www.redbus.in/bus-tickets/vrindavan-to-chandigarh,Chandigarh Transport Undertaking (CTU) - 165939,HVAC Seater (2+3),16:00,09h 45m,01:45,3.8,INR 634.7,"47 Seats available
16 Window"
Vrindavan to Chandigarh,https://www.redbus.in/bus-tickets/vrindavan-to-chandigarh,Chandigarh Transport Undertaking (CTU) - 165939,HVAC Seater (2+3),16:00,09h 45m,01:45,3.8,INR 634.7,"47 Seats available
16 Window"
Vrindavan to Chandigarh,https://www.redbus.in/bus-tickets/vrindavan-to-chandigarh,Vijay Tour and Travels,Bharat Benz A/C Seater /Sleeper (2+1),23:55,07h 45m,07:40,3.2,764,"35 Seats available
7 Single"
Vrindavan to Chandigarh,https://www.redbus.in/bus-tickets/vrindavan-to-chandigarh,Vijay Tour and Travels,Bharat Benz A/C Seater /Sleeper (2+1),23:55,07h 45m,07:40,3.2,764,"35 Seats available
7 Single"
Chandigarh to Shimla,https://www.redbus.in/bus-tickets/chandigarh-to-shimla,HRTC - 1552,Ordinary 3+2 Non AC Seater,13:54,04h 09m,18:03,3.9,INR 242,"37 Seats available
12 Window"
Chandigarh to Shimla,https://www.redbus.in/bus-tickets/chandigarh-to-shimla,HRTC - 1552,Ordinary 3+2 Non AC Seater,13:54,04h 09m,18:03,3.9,INR 242,"37 Seats available
12 Window"
Chandigarh to Shimla,https://www.redbus.in/bus-tickets/chandigarh-to-shimla,HRTC - 1556,Ordinary 3+2 Non AC Seater,14:48,04h 12m,19:00,3.9,INR 242,"37 Seats available
12 Window"
Chandigarh to Shimla,https://www.redbus.in/bus-tickets/chandigarh-to-shimla,HRTC - 1556,Ordinary 3+2 Non AC Seater,14:48,04h 12m,19:00,3.9,INR 242,"37 Seats available
12 Window"
Chandigarh to Shimla,https://www.redbus.in/bus-tickets/chandigarh-to-shimla,HRTC - 126,Ordinary 3+2 Non AC Seater,15:15,04h 30m,19:45,3.2,INR 242,"37 Seats available
12 Window"
Chandigarh to Shimla,https://www.redbus.in/bus-tickets/chandigarh-to-shimla,HRTC - 126,Ordinary 3+2 Non AC Seater,15:15,04h 30m,19:45,3.2,INR 242,"37 Seats available
12 Window"
Chandigarh to Shimla,https://www.redbus.in/bus-tickets/chandigarh-to-shimla,HRTC - 1553,Ordinary 3+2 Non AC Seater,16:40,04h 09m,20:49,3.9,INR 242,"47 Seats available
1 Single"
Chandigarh to Shimla,https://www.redbus.in/bus-tickets/chandigarh-to-shimla,HRTC - 1553,Ordinary 3+2 Non AC Seater,16:40,04h 09m,20:49,3.9,INR 242,"47 Seats available
1 Single"
Chandigarh to Shimla,https://www.redbus.in/bus-tickets/chandigarh-to-shimla,,,,,,,,
Chandigarh to Shimla,https://www.redbus.in/bus-tickets/chandigarh-to-shimla,,,,,,,,
Chandigarh to Shimla,https://www.redbus.in/bus-tickets/chandigarh-to-shimla,,,,,,,,
Chandigarh to Shimla,https://www.redbus.in/bus-tickets/chandigarh-to-shimla,,,,,,,,
Chandigarh to Shimla,https://www.redbus.in/bus-tickets/chandigarh-to-shimla,,,,,,,,
Chandigarh to Shimla,https://www.redbus.in/bus-tickets/chandigarh-to-shimla,,,,,,,,
Chandigarh to Shimla,https://www.redbus.in/bus-tickets/chandigarh-to-shimla,,,,,,,,
Chandigarh to Shimla,https://www.redbus.in/bus-tickets/chandigarh-to-shimla,,,,,,,,
Chandigarh to Shimla,https://www.redbus.in/bus-tickets/chandigarh-to-shimla,,,,,,,,
Chandigarh to Shimla,https://www.redbus.in/bus-tickets/chandigarh-to-shimla,,,,,,,,
Chandigarh to Shimla,https://www.redbus.in/bus-tickets/chandigarh-to-shimla,,,,,,,,
Chandigarh to Shimla,https://www.redbus.in/bus-tickets/chandigarh-to-shimla,,,,,,,,
Chandigarh to Shimla,https://www.redbus.in/bus-tickets/chandigarh-to-shimla,,,,,,,,
Chandigarh to Shimla,https://www.redbus.in/bus-tickets/chandigarh-to-shimla,,,,,,,,
Chandigarh to Shimla,https://www.redbus.in/bus-tickets/chandigarh-to-shimla,,,,,,,,
Chandigarh to Shimla,https://www.redbus.in/bus-tickets/chandigarh-to-shimla,,,,,,,,
Chandigarh to Agra,https://www.redbus.in/bus-tickets/chandigarh-to-agra,Chandigarh Transport Undertaking (CTU) - 165906,HVAC Seater (2+3),20:30,11h 00m,07:30,4.0,INR 740.6,"47 Seats available
16 Window"
Chandigarh to Agra,https://www.redbus.in/bus-tickets/chandigarh-to-agra,Chandigarh Transport Undertaking (CTU) - 165906,HVAC Seater (2+3),20:30,11h 00m,07:30,4.0,INR 740.6,"47 Seats available
16 Window"
Chandigarh to Agra,https://www.redbus.in/bus-tickets/chandigarh-to-agra,Vijay Tour and Travels,Bharat Benz A/C Seater /Sleeper (2+1),17:40,09h 50m,03:30,4.4,899,"36 Seats available
9 Single"
Chandigarh to Agra,https://www.redbus.in/bus-tickets/chandigarh-to-agra,Vijay Tour and Travels,Bharat Benz A/C Seater /Sleeper (2+1),17:40,09h 50m,03:30,4.4,899,"36 Seats available
9 Single"
Chandigarh to Agra,https://www.redbus.in/bus-tickets/chandigarh-to-agra,Gajraj bus service,Bharat Benz A/C Seater /Sleeper (2+1),15:30,08h 15m,23:45,2.0,INR 1699,"14 Seats available
4 Single"
Chandigarh to Agra,https://www.redbus.in/bus-tickets/chandigarh-to-agra,Gajraj bus service,Bharat Benz A/C Seater /Sleeper (2+1),15:30,08h 15m,23:45,2.0,INR 1699,"14 Seats available
4 Single"
Chandigarh to Agra,https://www.redbus.in/bus-tickets/chandigarh-to-agra,Laxmi holidays,Bharat Benz A/C Seater /Sleeper (2+1),16:30,09h 10m,01:40,4.4,INR 810,"32 Seats available
6 Single"
Chandigarh to Agra,https://www.redbus.in/bus-tickets/chandigarh-to-agra,Laxmi holidays,Bharat Benz A/C Seater /Sleeper (2+1),16:30,09h 10m,01:40,4.4,INR 810,"32 Seats available
6 Single"
Chandigarh to Agra,https://www.redbus.in/bus-tickets/chandigarh-to-agra,GK Travels,A/C Seater/Sleeper (2+1),16:00,11h 00m,03:00,3.7,1234,"27 Seats available
8 Single"
Chandigarh to Agra,https://www.redbus.in/bus-tickets/chandigarh-to-agra,GK Travels,A/C Seater/Sleeper (2+1),16:00,11h 00m,03:00,3.7,1234,"27 Seats available
8 Single"
Rohtak to Chandigarh,https://www.redbus.in/bus-tickets/rohtak-to-chandigarh,Chandigarh Transport Undertaking (CTU) - 165729,HVAC Seater (2+3),14:00,05h 35m,19:35,3.3,INR 404.76,"47 Seats available
16 Window"
Rohtak to Chandigarh,https://www.redbus.in/bus-tickets/rohtak-to-chandigarh,Chandigarh Transport Undertaking (CTU) - 165729,HVAC Seater (2+3),14:00,05h 35m,19:35,3.3,INR 404.76,"47 Seats available
16 Window"
Rohtak to Chandigarh,https://www.redbus.in/bus-tickets/rohtak-to-chandigarh,Hari Das Tour &Travels,Bharat Benz A/C Seater /Sleeper (2+1),23:55,04h 30m,04:25,3.5,INR 799,"35 Seats available
7 Single"
Rohtak to Chandigarh,https://www.redbus.in/bus-tickets/rohtak-to-chandigarh,Hari Das Tour &Travels,Bharat Benz A/C Seater /Sleeper (2+1),23:55,04h 30m,04:25,3.5,INR 799,"35 Seats available
7 Single"
Rohtak to Chandigarh,https://www.redbus.in/bus-tickets/rohtak-to-chandigarh,Hari Das Tour &Travels,VE A/C Seater / Sleeper (2+1),23:55,04h 30m,04:25,3.5,INR 899,"4 Seats available
2 Window"
Rohtak to Chandigarh,https://www.redbus.in/bus-tickets/rohtak-to-chandigarh,Hari Das Tour &Travels,VE A/C Seater / Sleeper (2+1),23:55,04h 30m,04:25,3.5,INR 899,"4 Seats available
2 Window"
Dharamshala (Himachal Pradesh) to Chandigarh,https://www.redbus.in/bus-tickets/dharamshala-to-chandigarh,HRTC - 912,Ordinary 3+2 Non AC Seater,14:00,09h 10m,23:10,3.9,INR 483,"37 Seats available
12 Window"
Dharamshala (Himachal Pradesh) to Chandigarh,https://www.redbus.in/bus-tickets/dharamshala-to-chandigarh,HRTC - 912,Ordinary 3+2 Non AC Seater,14:00,09h 10m,23:10,3.9,INR 483,"37 Seats available
12 Window"
Dharamshala (Himachal Pradesh) to Chandigarh,https://www.redbus.in/bus-tickets/dharamshala-to-chandigarh,HRTC - 912,Ordinary 3+2 Non AC Seater,14:50,08h 20m,23:10,2.3,INR 462,"37 Seats available
12 Window"
Dharamshala (Himachal Pradesh) to Chandigarh,https://www.redbus.in/bus-tickets/dharamshala-to-chandigarh,HRTC - 912,Ordinary 3+2 Non AC Seater,14:50,08h 20m,23:10,2.3,INR 462,"37 Seats available
12 Window"
Dharamshala (Himachal Pradesh) to Chandigarh,https://www.redbus.in/bus-tickets/dharamshala-to-chandigarh,HRTC - 911,Ordinary 3+2 Non AC Seater,14:55,08h 25m,23:20,3.9,INR 488,"37 Seats available
12 Window"
Dharamshala (Himachal Pradesh) to Chandigarh,https://www.redbus.in/bus-tickets/dharamshala-to-chandigarh,HRTC - 911,Ordinary 3+2 Non AC Seater,14:55,08h 25m,23:20,3.9,INR 488,"37 Seats available
12 Window"
Dharamshala (Himachal Pradesh) to Chandigarh,https://www.redbus.in/bus-tickets/dharamshala-to-chandigarh,HRTC - 902,Himmani Deluxe 2+2 Non AC Seater,16:30,08h 55m,01:25,3.9,INR 502,"27 Seats available
6 Single"
Dharamshala (Himachal Pradesh) to Chandigarh,https://www.redbus.in/bus-tickets/dharamshala-to-chandigarh,HRTC - 902,Himmani Deluxe 2+2 Non AC Seater,16:30,08h 55m,01:25,3.9,INR 502,"27 Seats available
6 Single"
Dharamshala (Himachal Pradesh) to Chandigarh,https://www.redbus.in/bus-tickets/dharamshala-to-chandigarh,,,,,,,,
Dharamshala (Himachal Pradesh) to Chandigarh,https://www.redbus.in/bus-tickets/dharamshala-to-chandigarh,,,,,,,,
Dharamshala (Himachal Pradesh) to Chandigarh,https://www.redbus.in/bus-tickets/dharamshala-to-chandigarh,,,,,,,,
Dharamshala (Himachal Pradesh) to Chandigarh,https://www.redbus.in/bus-tickets/dharamshala-to-chandigarh,,,,,,,,
Dharamshala (Himachal Pradesh) to Chandigarh,https://www.redbus.in/bus-tickets/dharamshala-to-chandigarh,,,,,,,,
Dharamshala (Himachal Pradesh) to Chandigarh,https://www.redbus.in/bus-tickets/dharamshala-to-chandigarh,,,,,,,,
Dharamshala (Himachal Pradesh) to Chandigarh,https://www.redbus.in/bus-tickets/dharamshala-to-chandigarh,,,,,,,,
Dharamshala (Himachal Pradesh) to Chandigarh,https://www.redbus.in/bus-tickets/dharamshala-to-chandigarh,,,,,,,,
Dharamshala (Himachal Pradesh) to Chandigarh,https://www.redbus.in/bus-tickets/dharamshala-to-chandigarh,,,,,,,,
Dharamshala (Himachal Pradesh) to Chandigarh,https://www.redbus.in/bus-tickets/dharamshala-to-chandigarh,,,,,,,,
Dharamshala (Himachal Pradesh) to Chandigarh,https://www.redbus.in/bus-tickets/dharamshala-to-chandigarh,,,,,,,,
Dharamshala (Himachal Pradesh) to Chandigarh,https://www.redbus.in/bus-tickets/dharamshala-to-chandigarh,,,,,,,,
Pathankot to Chandigarh,https://www.redbus.in/bus-tickets/pathankot-to-chandigarh,HRTC - 1403,Ordinary 3+2 Non AC Seater,14:05,09h 35m,23:40,3.9,INR 455,"37 Seats available
12 Window"
Pathankot to Chandigarh,https://www.redbus.in/bus-tickets/pathankot-to-chandigarh,HRTC - 1403,Ordinary 3+2 Non AC Seater,14:05,09h 35m,23:40,3.9,INR 455,"37 Seats available
12 Window"
Pathankot to Chandigarh,https://www.redbus.in/bus-tickets/pathankot-to-chandigarh,HRTC - 1414,Ordinary 3+2 Non AC Seater,14:50,09h 09m,23:59,3.9,INR 461,"37 Seats available
12 Window"
Pathankot to Chandigarh,https://www.redbus.in/bus-tickets/pathankot-to-chandigarh,HRTC - 1414,Ordinary 3+2 Non AC Seater,14:50,09h 09m,23:59,3.9,INR 461,"37 Seats available
12 Window"
Pathankot to Chandigarh,https://www.redbus.in/bus-tickets/pathankot-to-chandigarh,HRTC - 1455,A/C Executive (2+3),15:45,08h 10m,23:55,3.9,INR 530,"36 Seats available
11 Window"
Pathankot to Chandigarh,https://www.redbus.in/bus-tickets/pathankot-to-chandigarh,HRTC - 1455,A/C Executive (2+3),15:45,08h 10m,23:55,3.9,INR 530,"36 Seats available
11 Window"
Pathankot to Chandigarh,https://www.redbus.in/bus-tickets/pathankot-to-chandigarh,HRTC - 1416,Ordinary 3+2 Non AC Seater,16:30,06h 05m,22:35,3.9,INR 466,"37 Seats available
12 Window"
Pathankot to Chandigarh,https://www.redbus.in/bus-tickets/pathankot-to-chandigarh,HRTC - 1416,Ordinary 3+2 Non AC Seater,16:30,06h 05m,22:35,3.9,INR 466,"37 Seats available
12 Window"
Pathankot to Chandigarh,https://www.redbus.in/bus-tickets/pathankot-to-chandigarh,HRTC - 1401,Ordinary 3+2 Non AC Seater,16:40,08h 10m,00:50,3.9,INR 461,"31 Seats available
7 Window"
Pathankot to Chandigarh,https://www.redbus.in/bus-tickets/pathankot-to-chandigarh,HRTC - 1401,Ordinary 3+2 Non AC Seater,16:40,08h 10m,00:50,3.9,INR 461,"31 Seats available
7 Window"
Pathankot to Chandigarh,https://www.redbus.in/bus-tickets/pathankot-to-chandigarh,,,,,,,,
Pathankot to Chandigarh,https://www.redbus.in/bus-tickets/pathankot-to-chandigarh,,,,,,,,
Pathankot to Chandigarh,https://www.redbus.in/bus-tickets/pathankot-to-chandigarh,,,,,,,,
Pathankot to Chandigarh,https://www.redbus.in/bus-tickets/pathankot-to-chandigarh,,,,,,,,
Pathankot to Chandigarh,https://www.redbus.in/bus-tickets/pathankot-to-chandigarh,,,,,,,,
Pathankot to Chandigarh,https://www.redbus.in/bus-tickets/pathankot-to-chandigarh,,,,,,,,
Pathankot to Chandigarh,https://www.redbus.in/bus-tickets/pathankot-to-chandigarh,,,,,,,,
Pathankot to Chandigarh,https://www.redbus.in/bus-tickets/pathankot-to-chandigarh,,,,,,,,
Pathankot to Chandigarh,https://www.redbus.in/bus-tickets/pathankot-to-chandigarh,,,,,,,,
Pathankot to Chandigarh,https://www.redbus.in/bus-tickets/pathankot-to-chandigarh,,,,,,,,
Baijnath to Chandigarh,https://www.redbus.in/bus-tickets/baijnath-to-chandigarh,HRTC - 1104,Ordinary 3+2 Non AC Seater,14:55,09h 25m,00:20,3.9,INR 513,"37 Seats available
12 Window"
Baijnath to Chandigarh,https://www.redbus.in/bus-tickets/baijnath-to-chandigarh,HRTC - 1104,Ordinary 3+2 Non AC Seater,14:55,09h 25m,00:20,3.9,INR 513,"37 Seats available
12 Window"
Baijnath to Chandigarh,https://www.redbus.in/bus-tickets/baijnath-to-chandigarh,HRTC - 1107,Ordinary 3+2 Non AC Seater,15:00,08h 20m,23:20,3.9,INR 507,"36 Seats available
12 Window"
Baijnath to Chandigarh,https://www.redbus.in/bus-tickets/baijnath-to-chandigarh,HRTC - 1107,Ordinary 3+2 Non AC Seater,15:00,08h 20m,23:20,3.9,INR 507,"36 Seats available
12 Window"
Baijnath to Chandigarh,https://www.redbus.in/bus-tickets/baijnath-to-chandigarh,HRTC - 1109,Ordinary 3+2 Non AC Seater,15:44,08h 36m,00:20,3.9,INR 538,"37 Seats available
12 Window"
Baijnath to Chandigarh,https://www.redbus.in/bus-tickets/baijnath-to-chandigarh,HRTC - 1109,Ordinary 3+2 Non AC Seater,15:44,08h 36m,00:20,3.9,INR 538,"37 Seats available
12 Window"
Baijnath to Chandigarh,https://www.redbus.in/bus-tickets/baijnath-to-chandigarh,HRTC - 1105,Ordinary 3+2 Non AC Seater,15:45,09h 25m,01:10,3.9,INR 505,"37 Seats available
12 Window"
Baijnath to Chandigarh,https://www.redbus.in/bus-tickets/baijnath-to-chandigarh,HRTC - 1105,Ordinary 3+2 Non AC Seater,15:45,09h 25m,01:10,3.9,INR 505,"37 Seats available
12 Window"
Baijnath to Chandigarh,https://www.redbus.in/bus-tickets/baijnath-to-chandigarh,,,,,,,,
Baijnath to Chandigarh,https://www.redbus.in/bus-tickets/baijnath-to-chandigarh,,,,,,,,
Baijnath to Chandigarh,https://www.redbus.in/bus-tickets/baijnath-to-chandigarh,,,,,,,,
Baijnath to Chandigarh,https://www.redbus.in/bus-tickets/baijnath-to-chandigarh,,,,,,,,
Baijnath to Chandigarh,https://www.redbus.in/bus-tickets/baijnath-to-chandigarh,,,,,,,,
Baijnath to Chandigarh,https://www.redbus.in/bus-tickets/baijnath-to-chandigarh,,,,,,,,
Baijnath to Chandigarh,https://www.redbus.in/bus-tickets/baijnath-to-chandigarh,,,,,,,,
Baijnath to Chandigarh,https://www.redbus.in/bus-tickets/baijnath-to-chandigarh,,,,,,,,
Baijnath to Chandigarh,https://www.redbus.in/bus-tickets/baijnath-to-chandigarh,,,,,,,,
Baijnath to Chandigarh,https://www.redbus.in/bus-tickets/baijnath-to-chandigarh,,,,,,,,
Baijnath to Chandigarh,https://www.redbus.in/bus-tickets/baijnath-to-chandigarh,,,,,,,,
Baijnath to Chandigarh,https://www.redbus.in/bus-tickets/baijnath-to-chandigarh,,,,,,,,
Shimla to Chandigarh,https://www.redbus.in/bus-tickets/shimla-to-chandigarh,HRTC - 104,A/C Executive (2+3),18:20,03h 01m,21:21,3.5,INR 257,"43 Seats available
15 Window"
Shimla to Chandigarh,https://www.redbus.in/bus-tickets/shimla-to-chandigarh,HRTC - 104,A/C Executive (2+3),18:20,03h 01m,21:21,3.5,INR 257,"43 Seats available
15 Window"
Shimla to Chandigarh,https://www.redbus.in/bus-tickets/shimla-to-chandigarh,HRTC - 228,Ordinary 3+2 Non AC Seater,18:40,04h 15m,22:55,3.9,INR 242,"37 Seats available
12 Window"
Shimla to Chandigarh,https://www.redbus.in/bus-tickets/shimla-to-chandigarh,HRTC - 228,Ordinary 3+2 Non AC Seater,18:40,04h 15m,22:55,3.9,INR 242,"37 Seats available
12 Window"
Shimla to Chandigarh,https://www.redbus.in/bus-tickets/shimla-to-chandigarh,HRTC - 210,Ordinary 3+2 Non AC Seater,19:20,03h 00m,22:20,3.9,INR 242,"37 Seats available
12 Window"
Shimla to Chandigarh,https://www.redbus.in/bus-tickets/shimla-to-chandigarh,HRTC - 210,Ordinary 3+2 Non AC Seater,19:20,03h 00m,22:20,3.9,INR 242,"37 Seats available
12 Window"
Shimla to Chandigarh,https://www.redbus.in/bus-tickets/shimla-to-chandigarh,HRTC - 188,Ordinary 3+2 Non AC Seater,19:25,03h 01m,22:26,3.9,INR 242,"31 Seats available
8 Window"
Shimla to Chandigarh,https://www.redbus.in/bus-tickets/shimla-to-chandigarh,HRTC - 188,Ordinary 3+2 Non AC Seater,19:25,03h 01m,22:26,3.9,INR 242,"31 Seats available
8 Window"
Shimla to Chandigarh,https://www.redbus.in/bus-tickets/shimla-to-chandigarh,HRTC - 2040093,Ordinary 3+2 Non AC Seater,19:40,04h 35m,00:15,3.9,INR 242,"36 Seats available
11 Window"
Shimla to Chandigarh,https://www.redbus.in/bus-tickets/shimla-to-chandigarh,HRTC - 2040093,Ordinary 3+2 Non AC Seater,19:40,04h 35m,00:15,3.9,INR 242,"36 Seats available
11 Window"
Shimla to Chandigarh,https://www.redbus.in/bus-tickets/shimla-to-chandigarh,,,,,,,,
Shimla to Chandigarh,https://www.redbus.in/bus-tickets/shimla-to-chandigarh,,,,,,,,
Shimla to Chandigarh,https://www.redbus.in/bus-tickets/shimla-to-chandigarh,,,,,,,,
Shimla to Chandigarh,https://www.redbus.in/bus-tickets/shimla-to-chandigarh,,,,,,,,
Shimla to Chandigarh,https://www.redbus.in/bus-tickets/shimla-to-chandigarh,,,,,,,,
Shimla to Chandigarh,https://www.redbus.in/bus-tickets/shimla-to-chandigarh,,,,,,,,
Shimla to Chandigarh,https://www.redbus.in/bus-tickets/shimla-to-chandigarh,,,,,,,,
Shimla to Chandigarh,https://www.redbus.in/bus-tickets/shimla-to-chandigarh,,,,,,,,
Shimla to Chandigarh,https://www.redbus.in/bus-tickets/shimla-to-chandigarh,,,,,,,,
Shimla to Chandigarh,https://www.redbus.in/bus-tickets/shimla-to-chandigarh,,,,,,,,
Chandigarh to Haridwar,https://www.redbus.in/bus-tickets/chandigarh-to-haridwar,Chandigarh Transport Undertaking (CTU) - 165962,HVAC Seater (2+3),13:40,05h 50m,19:30,4.0,INR 447.6,"45 Seats available
15 Window"
Chandigarh to Haridwar,https://www.redbus.in/bus-tickets/chandigarh-to-haridwar,Chandigarh Transport Undertaking (CTU) - 165962,HVAC Seater (2+3),13:40,05h 50m,19:30,4.0,INR 447.6,"45 Seats available
15 Window"
Chandigarh to Haridwar,https://www.redbus.in/bus-tickets/chandigarh-to-haridwar,HRTC - 6704,Ordinary 3+2 Non AC Seater,17:30,06h 45m,00:15,3.9,INR 314,"37 Seats available
12 Window"
Chandigarh to Haridwar,https://www.redbus.in/bus-tickets/chandigarh-to-haridwar,HRTC - 6704,Ordinary 3+2 Non AC Seater,17:30,06h 45m,00:15,3.9,INR 314,"37 Seats available
12 Window"
Chandigarh to Haridwar,https://www.redbus.in/bus-tickets/chandigarh-to-haridwar,Shree Mahaveer Travels Jaipur,Bharat Benz A/C Seater /Sleeper (2+1),21:05,05h 25m,02:30,3.7,647,"24 Seats available
7 Single"
Chandigarh to Haridwar,https://www.redbus.in/bus-tickets/chandigarh-to-haridwar,Shree Mahaveer Travels Jaipur,Bharat Benz A/C Seater /Sleeper (2+1),21:05,05h 25m,02:30,3.7,647,"24 Seats available
7 Single"
Chandigarh to Haridwar,https://www.redbus.in/bus-tickets/chandigarh-to-haridwar,Vijay Tour and Travels,Bharat Benz A/C Seater /Sleeper (2+1),21:30,05h 10m,02:40,3.5,674,"27 Seats available
1 Single"
Chandigarh to Haridwar,https://www.redbus.in/bus-tickets/chandigarh-to-haridwar,Vijay Tour and Travels,Bharat Benz A/C Seater /Sleeper (2+1),21:30,05h 10m,02:40,3.5,674,"27 Seats available
1 Single"
Chandigarh to Haridwar,https://www.redbus.in/bus-tickets/chandigarh-to-haridwar,Shree Mahaveer Travels Jaipur,Bharat Benz A/C Seater /Sleeper (2+1),22:00,05h 15m,03:15,3.4,647,"8 Seats available
3 Window"
Chandigarh to Haridwar,https://www.redbus.in/bus-tickets/chandigarh-to-haridwar,Shree Mahaveer Travels Jaipur,Bharat Benz A/C Seater /Sleeper (2+1),22:00,05h 15m,03:15,3.4,647,"8 Seats available
3 Window"
Chandigarh to Haridwar,https://www.redbus.in/bus-tickets/chandigarh-to-haridwar,Zimindara Travels,AC Sleeper (2+1),23:00,05h 30m,04:30,3.7,INR 699,"16 Seats available
10 Window"
Chandigarh to Haridwar,https://www.redbus.in/bus-tickets/chandigarh-to-haridwar,Zimindara Travels,AC Sleeper (2+1),23:00,05h 30m,04:30,3.7,INR 699,"16 Seats available
10 Window"
Chandigarh to Haridwar,https://www.redbus.in/bus-tickets/chandigarh-to-haridwar,SHRI KRISHNA TRAVELS (JAI SHREE GANESH YATRA CO.),VE A/C Seater / Sleeper (2+1),23:30,06h 05m,05:35,3.7,INR 899,"20 Seats available
5 Single"
Chandigarh to Haridwar,https://www.redbus.in/bus-tickets/chandigarh-to-haridwar,SHRI KRISHNA TRAVELS (JAI SHREE GANESH YATRA CO.),VE A/C Seater / Sleeper (2+1),23:30,06h 05m,05:35,3.7,INR 899,"20 Seats available
5 Single"
Chandigarh to Haridwar,https://www.redbus.in/bus-tickets/chandigarh-to-haridwar,Vijay Tour and Travels,Volvo 9600 A/C Sleeper (2+1),23:30,05h 00m,04:30,3.9,944,"23 Seats available
4 Single"
Chandigarh to Haridwar,https://www.redbus.in/bus-tickets/chandigarh-to-haridwar,Vijay Tour and Travels,Volvo 9600 A/C Sleeper (2+1),23:30,05h 00m,04:30,3.9,944,"23 Seats available
4 Single"
Chandigarh to Haridwar,https://www.redbus.in/bus-tickets/chandigarh-to-haridwar,Laxmi holidays,VE A/C Semi Sleeper (2+2),23:55,06h 35m,06:30,4.7,INR 899,11 Seats available
Chandigarh to Haridwar,https://www.redbus.in/bus-tickets/chandigarh-to-haridwar,Laxmi holidays,VE A/C Semi Sleeper (2+2),23:55,06h 35m,06:30,4.7,INR 899,11 Seats available
Chandigarh to Haridwar,https://www.redbus.in/bus-tickets/chandigarh-to-haridwar,SHRI KRISHNA TRAVELS (JAI SHREE GANESH YATRA CO.),VE A/C Seater / Sleeper (2+1),23:55,05h 40m,05:35,4.1,INR 899,"17 Seats available
3 Single"
Chandigarh to Haridwar,https://www.redbus.in/bus-tickets/chandigarh-to-haridwar,SHRI KRISHNA TRAVELS (JAI SHREE GANESH YATRA CO.),VE A/C Seater / Sleeper (2+1),23:55,05h 40m,05:35,4.1,INR 899,"17 Seats available
3 Single"
Chandigarh to Haridwar,https://www.redbus.in/bus-tickets/chandigarh-to-haridwar,City Land Travels,Volvo A/C Semi Sleeper (2+2),23:55,05h 06m,05:01,3.4,648,"21 Seats available
9 Window"
Chandigarh to Haridwar,https://www.redbus.in/bus-tickets/chandigarh-to-haridwar,City Land Travels,Volvo A/C Semi Sleeper (2+2),23:55,05h 06m,05:01,3.4,648,"21 Seats available
9 Window"
Chandigarh to Haridwar,https://www.redbus.in/bus-tickets/chandigarh-to-haridwar,Om Sidh Express,Volvo A/C (2+2),23:55,03h 05m,03:00,3.3,523,"22 Seats available
7 Window"
Chandigarh to Haridwar,https://www.redbus.in/bus-tickets/chandigarh-to-haridwar,Om Sidh Express,Volvo A/C (2+2),23:55,03h 05m,03:00,3.3,523,"22 Seats available
7 Window"
